mcc,mccgrp
1,Retail Purchase
2,Retail Purchase
3,Retail Purchase
4,Retail Purchase
5,Retail Purchase
6,Retail Purchase
7,Retail Purchase
8,Retail Purchase
9,Retail Purchase
10,Retail Purchase
11,Retail Purchase
12,Retail Purchase
13,Retail Purchase
14,Retail Purchase
15,Retail Purchase
16,Retail Purchase
17,Retail Purchase
18,Retail Purchase
19,Retail Purchase
20,Retail Purchase
21,Retail Purchase
22,Retail Purchase
23,Retail Purchase
24,Retail Purchase
25,Retail Purchase
26,Retail Purchase
27,Retail Purchase
28,Retail Purchase
29,Retail Purchase
30,Retail Purchase
31,Retail Purchase
32,Retail Purchase
33,Retail Purchase
34,Retail Purchase
35,Retail Purchase
36,Retail Purchase
37,Retail Purchase
38,Retail Purchase
39,Retail Purchase
40,Retail Purchase
41,Retail Purchase
42,Retail Purchase
43,Retail Purchase
44,Retail Purchase
45,Retail Purchase
46,Retail Purchase
47,Retail Purchase
48,Retail Purchase
49,Retail Purchase
50,Retail Purchase
51,Retail Purchase
52,Retail Purchase
53,Retail Purchase
54,Retail Purchase
55,Retail Purchase
56,Retail Purchase
57,Retail Purchase
58,Retail Purchase
59,Retail Purchase
60,Retail Purchase
61,Retail Purchase
62,Retail Purchase
63,Retail Purchase
64,Retail Purchase
65,Retail Purchase
66,Retail Purchase
67,Retail Purchase
68,Retail Purchase
69,Retail Purchase
70,Retail Purchase
71,Retail Purchase
72,Retail Purchase
73,Retail Purchase
74,Retail Purchase
75,Retail Purchase
76,Retail Purchase
77,Retail Purchase
78,Retail Purchase
79,Retail Purchase
98,Retail Purchase
742,Retail Purchase
743,Retail Purchase
744,Retail Purchase
763,Retail Purchase
780,Retail Purchase
1344,Retail Purchase
1345,Retail Purchase
1346,Retail Purchase
1347,Retail Purchase
1348,Retail Purchase
1349,Retail Purchase
1350,Retail Purchase
1351,Retail Purchase
1352,Retail Purchase
1353,Retail Purchase
1354,Retail Purchase
1355,Retail Purchase
1356,Retail Purchase
1357,Retail Purchase
1358,Retail Purchase
1359,Retail Purchase
1360,Retail Purchase
1361,Retail Purchase
1362,Retail Purchase
1363,Retail Purchase
1364,Retail Purchase
1365,Retail Purchase
1366,Retail Purchase
1367,Retail Purchase
1368,Retail Purchase
1369,Retail Purchase
1370,Retail Purchase
1371,Retail Purchase
1372,Retail Purchase
1373,Retail Purchase
1374,Retail Purchase
1375,Retail Purchase
1376,Retail Purchase
1378,Retail Purchase
1379,Retail Purchase
1380,Retail Purchase
1381,Retail Purchase
1382,Retail Purchase
1383,Retail Purchase
1384,Retail Purchase
1385,Retail Purchase
1386,Retail Purchase
1387,Retail Purchase
1388,Retail Purchase
1389,Retail Purchase
1390,Retail Purchase
1391,Retail Purchase
1392,Retail Purchase
1393,Retail Purchase
1394,Retail Purchase
1395,Retail Purchase
1396,Retail Purchase
1397,Retail Purchase
1398,Retail Purchase
1399,Retail Purchase
1400,Retail Purchase
1401,Retail Purchase
1402,Retail Purchase
1403,Retail Purchase
1404,Retail Purchase
1405,Retail Purchase
1406,Retail Purchase
1407,Retail Purchase
1408,Retail Purchase
1409,Retail Purchase
1410,Retail Purchase
1411,Retail Purchase
1412,Retail Purchase
1413,Retail Purchase
1414,Retail Purchase
1415,Retail Purchase
1416,Retail Purchase
1417,Retail Purchase
1418,Retail Purchase
1419,Retail Purchase
1420,Retail Purchase
1421,Retail Purchase
1422,Retail Purchase
1423,Retail Purchase
1424,Retail Purchase
1425,Retail Purchase
1426,Retail Purchase
1427,Retail Purchase
1428,Retail Purchase
1429,Retail Purchase
1430,Retail Purchase
1431,Retail Purchase
1432,Retail Purchase
1433,Retail Purchase
1434,Retail Purchase
1435,Retail Purchase
1436,Retail Purchase
1437,Retail Purchase
1438,Retail Purchase
1439,Retail Purchase
1440,Retail Purchase
1441,Retail Purchase
1442,Retail Purchase
1443,Retail Purchase
1444,Retail Purchase
1445,Retail Purchase
1446,Retail Purchase
1447,Retail Purchase
1448,Retail Purchase
1449,Retail Purchase
1450,Retail Purchase
1451,Retail Purchase
1452,Retail Purchase
1453,Retail Purchase
1454,Retail Purchase
1455,Retail Purchase
1456,Retail Purchase
1457,Retail Purchase
1458,Retail Purchase
1459,Retail Purchase
1460,Retail Purchase
1461,Retail Purchase
1462,Retail Purchase
1463,Retail Purchase
1464,Retail Purchase
1465,Retail Purchase
1466,Retail Purchase
1467,Retail Purchase
1468,Retail Purchase
1469,Retail Purchase
1470,Retail Purchase
1471,Retail Purchase
1472,Retail Purchase
1473,Retail Purchase
1474,Retail Purchase
1475,Retail Purchase
1476,Retail Purchase
1477,Retail Purchase
1478,Retail Purchase
1479,Retail Purchase
1480,Retail Purchase
1481,Retail Purchase
1482,Retail Purchase
1483,Retail Purchase
1484,Retail Purchase
1485,Retail Purchase
1486,Retail Purchase
1487,Retail Purchase
1488,Retail Purchase
1489,Retail Purchase
1490,Retail Purchase
1491,Retail Purchase
1492,Retail Purchase
1493,Retail Purchase
1494,Retail Purchase
1495,Retail Purchase
1496,Retail Purchase
1497,Retail Purchase
1498,Retail Purchase
1499,Retail Purchase
1500,Retail Purchase
1501,Retail Purchase
1502,Retail Purchase
1503,Retail Purchase
1504,Retail Purchase
1520,Retail Purchase
1521,Retail Purchase
1522,Retail Purchase
1524,Retail Purchase
1525,Retail Purchase
1526,Retail Purchase
1527,Retail Purchase
1528,Retail Purchase
1529,Retail Purchase
1530,Retail Purchase
1531,Retail Purchase
1711,Retail Purchase
1731,Retail Purchase
1740,Retail Purchase
1750,Retail Purchase
1761,Retail Purchase
1771,Retail Purchase
1799,Retail Purchase
2013,Retail Purchase
2014,Retail Purchase
2097,Retail Purchase
2102,Retail Purchase
2111,Retail Purchase
2131,Retail Purchase
2133,Retail Purchase
2215,Retail Purchase
2231,Retail Purchase
2310,Retail Purchase
2346,Retail Purchase
2348,Retail Purchase
2360,Retail Purchase
2364,Retail Purchase
2367,Retail Purchase
2369,Retail Purchase
2376,Retail Purchase
2380,Retail Purchase
2385,Retail Purchase
2386,Retail Purchase
2387,Retail Purchase
2388,Retail Purchase
2397,Retail Purchase
2398,Retail Purchase
2399,Retail Purchase
2401,Retail Purchase
2411,Retail Purchase
2412,Retail Purchase
2414,Retail Purchase
2419,Retail Purchase
2420,Retail Purchase
2425,Retail Purchase
2432,Retail Purchase
2433,Retail Purchase
2434,Retail Purchase
2437,Retail Purchase
2453,Retail Purchase
2454,Retail Purchase
2456,Retail Purchase
2461,Retail Purchase
2481,Retail Purchase
2483,Retail Purchase
2489,Retail Purchase
2490,Retail Purchase
2491,Retail Purchase
2494,Retail Purchase
2501,Retail Purchase
2502,Retail Purchase
2503,Retail Purchase
2511,Retail Purchase
2520,Retail Purchase
2521,Retail Purchase
2522,Retail Purchase
2523,Retail Purchase
2524,Retail Purchase
2525,Retail Purchase
2526,Retail Purchase
2527,Retail Purchase
2528,Retail Purchase
2529,Retail Purchase
2530,Retail Purchase
2531,Retail Purchase
2541,Retail Purchase
2543,Retail Purchase
2548,Retail Purchase
2722,Retail Purchase
2732,Retail Purchase
2734,Retail Purchase
2741,Retail Purchase
2791,Retail Purchase
2842,Retail Purchase
2912,Retail Purchase
2941,Retail Purchase
2942,Retail Purchase
2946,Retail Purchase
2961,Retail Purchase
2994,Retail Purchase
2995,Retail Purchase
3000,Transportation
3001,Transportation
3002,Transportation
3003,Transportation
3004,Transportation
3005,Transportation
3006,Transportation
3007,Transportation
3008,Transportation
3009,Transportation
3010,Transportation
3011,Transportation
3012,Transportation
3013,Transportation
3014,Transportation
3015,Transportation
3016,Transportation
3017,Transportation
3018,Transportation
3019,Transportation
3020,Transportation
3021,Transportation
3022,Transportation
3023,Transportation
3024,Transportation
3025,Transportation
3026,Transportation
3027,Transportation
3028,Transportation
3029,Transportation
3030,Transportation
3031,Transportation
3032,Transportation
3033,Transportation
3034,Transportation
3035,Transportation
3036,Transportation
3037,Transportation
3038,Transportation
3039,Transportation
3040,Transportation
3041,Transportation
3042,Transportation
3043,Transportation
3044,Transportation
3045,Transportation
3046,Transportation
3047,Transportation
3048,Transportation
3049,Transportation
3050,Transportation
3051,Transportation
3052,Transportation
3053,Transportation
3054,Transportation
3055,Transportation
3056,Transportation
3057,Transportation
3058,Transportation
3059,Transportation
3060,Transportation
3061,Transportation
3062,Transportation
3063,Transportation
3064,Transportation
3065,Transportation
3066,Transportation
3067,Transportation
3068,Transportation
3071,Transportation
3072,Transportation
3072,Transportation
3075,Transportation
3076,Transportation
3077,Transportation
3078,Transportation
3079,Transportation
3081,Transportation
3082,Transportation
3083,Transportation
3084,Transportation
3085,Transportation
3086,Transportation
3087,Transportation
3088,Transportation
3089,Transportation
3090,Transportation
3092,Transportation
3094,Transportation
3095,Transportation
3096,Transportation
3097,Transportation
3098,Transportation
3099,Transportation
3100,Transportation
3102,Transportation
3103,Transportation
3106,Transportation
3110,Transportation
3111,Transportation
3112,Transportation
3115,Transportation
3117,Transportation
3118,Transportation
3125,Transportation
3126,Transportation
3127,Transportation
3129,Transportation
3130,Transportation
3131,Transportation
3132,Transportation
3133,Transportation
3135,Transportation
3136,Transportation
3137,Transportation
3138,Transportation
3143,Transportation
3144,Transportation
3145,Transportation
3146,Transportation
3148,Transportation
3151,Transportation
3154,Transportation
3156,Transportation
3159,Transportation
3161,Transportation
3164,Transportation
3165,Transportation
3167,Transportation
3170,Transportation
3171,Transportation
3172,Transportation
3174,Transportation
3175,Transportation
3176,Transportation
3177,Transportation
3178,Transportation
3180,Transportation
3181,Transportation
3182,Transportation
3183,Transportation
3184,Transportation
3185,Transportation
3186,Transportation
3187,Transportation
3188,Transportation
3190,Transportation
3191,Transportation
3192,Transportation
3193,Transportation
3196,Transportation
3197,Transportation
3200,Transportation
3203,Transportation
3204,Transportation
3206,Transportation
3211,Transportation
3212,Transportation
3213,Transportation
3215,Transportation
3216,Transportation
3217,Transportation
3218,Transportation
3219,Transportation
3220,Transportation
3221,Transportation
3222,Transportation
3223,Transportation
3226,Transportation
3228,Transportation
3229,Transportation
3231,Transportation
3233,Transportation
3234,Transportation
3235,Transportation
3236,Transportation
3238,Transportation
3239,Transportation
3240,Transportation
3241,Transportation
3242,Transportation
3243,Transportation
3245,Transportation
3246,Transportation
3247,Transportation
3248,Transportation
3251,Transportation
3252,Transportation
3253,Transportation
3254,Transportation
3256,Transportation
3259,Transportation
3260,Transportation
3261,Transportation
3262,Transportation
3263,Transportation
3266,Transportation
3267,Transportation
3280,Transportation
3282,Transportation
3284,Transportation
3285,Transportation
3286,Transportation
3287,Transportation
3292,Transportation
3293,Transportation
3294,Transportation
3295,Transportation
3296,Transportation
3297,Transportation
3298,Transportation
3299,Transportation
3351,Vehicle Rental
3352,Vehicle Rental
3353,Vehicle Rental
3354,Vehicle Rental
3355,Vehicle Rental
3357,Vehicle Rental
3359,Vehicle Rental
3360,Vehicle Rental
3361,Vehicle Rental
3362,Vehicle Rental
3364,Vehicle Rental
3366,Vehicle Rental
3368,Vehicle Rental
3370,Vehicle Rental
3374,Vehicle Rental
3376,Vehicle Rental
3380,Vehicle Rental
3381,Vehicle Rental
3385,Vehicle Rental
3386,Vehicle Rental
3387,Vehicle Rental
3388,Vehicle Rental
3389,Vehicle Rental
3390,Vehicle Rental
3391,Vehicle Rental
3393,Vehicle Rental
3394,Vehicle Rental
3395,Vehicle Rental
3396,Vehicle Rental
3398,Vehicle Rental
3400,Vehicle Rental
3405,Vehicle Rental
3409,Vehicle Rental
3412,Vehicle Rental
3414,Vehicle Rental
3420,Vehicle Rental
3421,Vehicle Rental
3423,Vehicle Rental
3425,Vehicle Rental
3427,Vehicle Rental
3428,Vehicle Rental
3429,Vehicle Rental
3430,Vehicle Rental
3431,Vehicle Rental
3432,Vehicle Rental
3433,Vehicle Rental
3434,Vehicle Rental
3435,Vehicle Rental
3436,Vehicle Rental
3437,Vehicle Rental
3438,Vehicle Rental
3439,Vehicle Rental
3441,Vehicle Rental
3501,Hotel/Motel
3502,Hotel/Motel
3503,Hotel/Motel
3504,Hotel/Motel
3505,Hotel/Motel
3506,Hotel/Motel
3507,Hotel/Motel
3508,Hotel/Motel
3509,Hotel/Motel
3510,Hotel/Motel
3511,Hotel/Motel
3512,Hotel/Motel
3513,Hotel/Motel
3514,Hotel/Motel
3515,Hotel/Motel
3516,Hotel/Motel
3517,Hotel/Motel
3518,Hotel/Motel
3519,Hotel/Motel
3520,Hotel/Motel
3521,Hotel/Motel
3522,Hotel/Motel
3523,Hotel/Motel
3524,Hotel/Motel
3525,Hotel/Motel
3526,Hotel/Motel
3527,Hotel/Motel
3528,Hotel/Motel
3529,Hotel/Motel
3530,Hotel/Motel
3531,Hotel/Motel
3532,Hotel/Motel
3533,Hotel/Motel
3534,Hotel/Motel
3535,Hotel/Motel
3536,Hotel/Motel
3537,Hotel/Motel
3538,Hotel/Motel
3539,Hotel/Motel
3540,Hotel/Motel
3541,Hotel/Motel
3542,Hotel/Motel
3543,Hotel/Motel
3544,Hotel/Motel
3545,Hotel/Motel
3546,Hotel/Motel
3547,Hotel/Motel
3548,Hotel/Motel
3549,Hotel/Motel
3550,Hotel/Motel
3551,Hotel/Motel
3552,Hotel/Motel
3553,Hotel/Motel
3554,Hotel/Motel
3555,Hotel/Motel
3556,Hotel/Motel
3557,Hotel/Motel
3558,Hotel/Motel
3559,Hotel/Motel
3560,Hotel/Motel
3561,Hotel/Motel
3562,Hotel/Motel
3563,Hotel/Motel
3564,Hotel/Motel
3565,Hotel/Motel
3566,Hotel/Motel
3567,Hotel/Motel
3568,Hotel/Motel
3569,Hotel/Motel
3570,Hotel/Motel
3571,Hotel/Motel
3572,Hotel/Motel
3573,Hotel/Motel
3574,Hotel/Motel
3575,Hotel/Motel
3576,Hotel/Motel
3577,Hotel/Motel
3578,Hotel/Motel
3579,Hotel/Motel
3580,Hotel/Motel
3581,Hotel/Motel
3582,Hotel/Motel
3583,Hotel/Motel
3584,Hotel/Motel
3585,Hotel/Motel
3586,Hotel/Motel
3587,Hotel/Motel
3588,Hotel/Motel
3589,Hotel/Motel
3590,Hotel/Motel
3591,Hotel/Motel
3592,Hotel/Motel
3593,Hotel/Motel
3594,Hotel/Motel
3595,Hotel/Motel
3596,Hotel/Motel
3597,Hotel/Motel
3598,Hotel/Motel
3599,Hotel/Motel
3600,Hotel/Motel
3601,Hotel/Motel
3602,Hotel/Motel
3603,Hotel/Motel
3604,Hotel/Motel
3605,Hotel/Motel
3606,Hotel/Motel
3607,Hotel/Motel
3608,Hotel/Motel
3609,Hotel/Motel
3610,Hotel/Motel
3611,Hotel/Motel
3612,Hotel/Motel
3613,Hotel/Motel
3614,Hotel/Motel
3614,Hotel/Motel
3615,Hotel/Motel
3616,Hotel/Motel
3617,Hotel/Motel
3617,Hotel/Motel
3618,Hotel/Motel
3618,Hotel/Motel
3619,Hotel/Motel
3619,Hotel/Motel
3620,Hotel/Motel
3621,Hotel/Motel
3622,Hotel/Motel
3623,Hotel/Motel
3624,Hotel/Motel
3625,Hotel/Motel
3626,Hotel/Motel
3627,Hotel/Motel
3628,Hotel/Motel
3629,Hotel/Motel
3630,Hotel/Motel
3631,Hotel/Motel
3632,Hotel/Motel
3633,Hotel/Motel
3634,Hotel/Motel
3635,Hotel/Motel
3636,Hotel/Motel
3637,Hotel/Motel
3638,Hotel/Motel
3639,Hotel/Motel
3640,Hotel/Motel
3641,Hotel/Motel
3642,Hotel/Motel
3643,Hotel/Motel
3644,Hotel/Motel
3645,Hotel/Motel
3646,Hotel/Motel
3647,Hotel/Motel
3648,Hotel/Motel
3649,Hotel/Motel
3650,Hotel/Motel
3651,Hotel/Motel
3652,Hotel/Motel
3653,Hotel/Motel
3654,Hotel/Motel
3655,Hotel/Motel
3656,Hotel/Motel
3657,Hotel/Motel
3658,Hotel/Motel
3659,Hotel/Motel
3660,Hotel/Motel
3661,Hotel/Motel
3662,Hotel/Motel
3663,Hotel/Motel
3664,Hotel/Motel
3665,Hotel/Motel
3666,Hotel/Motel
3667,Hotel/Motel
3668,Hotel/Motel
3669,Hotel/Motel
3670,Hotel/Motel
3671,Hotel/Motel
3672,Hotel/Motel
3673,Hotel/Motel
3674,Hotel/Motel
3675,Hotel/Motel
3676,Hotel/Motel
3677,Hotel/Motel
3678,Hotel/Motel
3679,Hotel/Motel
3680,Hotel/Motel
3681,Hotel/Motel
3682,Hotel/Motel
3683,Hotel/Motel
3684,Hotel/Motel
3685,Hotel/Motel
3686,Hotel/Motel
3687,Hotel/Motel
3688,Hotel/Motel
3689,Hotel/Motel
3690,Hotel/Motel
3691,Hotel/Motel
3692,Hotel/Motel
3693,Hotel/Motel
3694,Hotel/Motel
3695,Hotel/Motel
3696,Hotel/Motel
3697,Hotel/Motel
3698,Hotel/Motel
3699,Hotel/Motel
3700,Hotel/Motel
3701,Hotel/Motel
3702,Hotel/Motel
3703,Hotel/Motel
3704,Hotel/Motel
3705,Hotel/Motel
3706,Hotel/Motel
3707,Hotel/Motel
3708,Hotel/Motel
3709,Hotel/Motel
3710,Hotel/Motel
3711,Hotel/Motel
3712,Hotel/Motel
3713,Hotel/Motel
3714,Hotel/Motel
3715,Hotel/Motel
3716,Hotel/Motel
3717,Hotel/Motel
3718,Hotel/Motel
3719,Hotel/Motel
3720,Hotel/Motel
3721,Hotel/Motel
3722,Hotel/Motel
3723,Hotel/Motel
3724,Hotel/Motel
3725,Hotel/Motel
3726,Hotel/Motel
3727,Hotel/Motel
3728,Hotel/Motel
3729,Hotel/Motel
3730,Hotel/Motel
3731,Hotel/Motel
3732,Hotel/Motel
3733,Hotel/Motel
3734,Hotel/Motel
3735,Hotel/Motel
3736,Hotel/Motel
3737,Hotel/Motel
3738,Hotel/Motel
3739,Hotel/Motel
3740,Hotel/Motel
3741,Hotel/Motel
3742,Hotel/Motel
3743,Hotel/Motel
3744,Hotel/Motel
3745,Hotel/Motel
3746,Hotel/Motel
3747,Hotel/Motel
3748,Hotel/Motel
3749,Hotel/Motel
3750,Hotel/Motel
3751,Hotel/Motel
3752,Hotel/Motel
3753,Hotel/Motel
3754,Hotel/Motel
3755,Hotel/Motel
3756,Hotel/Motel
3757,Hotel/Motel
3758,Hotel/Motel
3759,Hotel/Motel
3760,Hotel/Motel
3761,Hotel/Motel
3762,Hotel/Motel
3763,Hotel/Motel
3764,Hotel/Motel
3765,Hotel/Motel
3766,Hotel/Motel
3767,Hotel/Motel
3768,Hotel/Motel
3769,Hotel/Motel
3770,Hotel/Motel
3771,Hotel/Motel
3772,Hotel/Motel
3773,Hotel/Motel
3774,Hotel/Motel
3775,Hotel/Motel
3776,Hotel/Motel
3777,Hotel/Motel
3778,Hotel/Motel
3779,Hotel/Motel
3780,Hotel/Motel
3781,Hotel/Motel
3782,Hotel/Motel
3783,Hotel/Motel
3784,Hotel/Motel
3785,Hotel/Motel
3786,Hotel/Motel
3787,Hotel/Motel
3788,Hotel/Motel
3789,Hotel/Motel
3790,Hotel/Motel
3791,Hotel/Motel
3792,Hotel/Motel
3793,Hotel/Motel
3794,Hotel/Motel
3795,Hotel/Motel
3796,Hotel/Motel
3797,Hotel/Motel
3798,Hotel/Motel
3799,Hotel/Motel
3800,Hotel/Motel
3801,Hotel/Motel
3802,Hotel/Motel
3803,Hotel/Motel
3804,Hotel/Motel
3805,Hotel/Motel
3806,Hotel/Motel
3807,Hotel/Motel
3808,Hotel/Motel
3809,Hotel/Motel
3810,Hotel/Motel
3811,Hotel/Motel
3812,Hotel/Motel
3813,Hotel/Motel
3814,Hotel/Motel
3815,Hotel/Motel
3817,Hotel/Motel
3818,Hotel/Motel
3819,Hotel/Motel
3819,Hotel/Motel
3820,Hotel/Motel
3820,Hotel/Motel
3821,Hotel/Motel
3821,Hotel/Motel
3822,Hotel/Motel
3823,Hotel/Motel
3824,Hotel/Motel
3825,Hotel/Motel
3826,Hotel/Motel
3827,Hotel/Motel
3828,Hotel/Motel
4011,Retail Purchase
4012,Retail Purchase
4013,Retail Purchase
4014,Retail Purchase
4111,Retail Purchase
4112,Transportation
4112,Transportation
4112,Transportation
4119,Retail Purchase
4121,Retail Purchase
4131,Retail Purchase
4132,Retail Purchase
4133,Retail Purchase
4214,Retail Purchase
4215,Retail Purchase
4225,Retail Purchase
4411,Transportation
4457,Retail Purchase
4468,Retail Purchase
4511,Transportation
4511,Transportation
4511,Transportation
4511,Transportation
4511,Transportation
4511,Transportation
4511,Transportation
4582,Retail Purchase
4722,Retail Purchase
4783,Retail Purchase
4784,Retail Purchase
4785,Retail Purchase
4786,Retail Purchase
4789,Retail Purchase
4811,Retail Purchase
4812,Retail Purchase
4812,Retail Purchase
4812,Retail Purchase
4812,Retail Purchase
4813,Mail/Telephone/Preauth order
4814,Mail/Telephone/Preauth order
4814,Mail/Telephone/Preauth order
4814,Mail/Telephone/Preauth order
4814,Mail/Telephone/Preauth order
4814,Mail/Telephone/Preauth order
4814,Mail/Telephone/Preauth order
4814,Mail/Telephone/Preauth order
4814,Mail/Telephone/Preauth order
4815,Retail Purchase
4816,Retail Purchase
4816,Retail Purchase
4816,Retail Purchase
4816,Retail Purchase
4817,Retail Purchase
4818,Retail Purchase
4819,Retail Purchase
4821,Retail Purchase
4829,Unique
4899,Retail Purchase
4900,Retail Purchase
4900,Retail Purchase
4900,Retail Purchase
4900,Retail Purchase
4900,Retail Purchase
4900,Retail Purchase
4900,Retail Purchase
5013,Retail Purchase
5021,Retail Purchase
5039,Retail Purchase
5044,Retail Purchase
5045,Retail Purchase
5046,Retail Purchase
5047,Retail Purchase
5051,Retail Purchase
5065,Retail Purchase
5072,Retail Purchase
5074,Retail Purchase
5085,Retail Purchase
5094,Jewelry
5099,Retail Purchase
5111,Retail Purchase
5122,Retail Purchase
5131,Retail Purchase
5137,Retail Purchase
5139,Retail Purchase
5169,Retail Purchase
5172,Retail Purchase
5192,Retail Purchase
5193,Retail Purchase
5198,Retail Purchase
5199,Retail Purchase
5200,Retail Purchase
5200,Retail Purchase
5211,Retail Purchase
5211,Retail Purchase
5231,Retail Purchase
5251,Retail Purchase
5261,Retail Purchase
5261,Retail Purchase
5271,Retail Purchase
5300,Retail Purchase
5309,Retail Purchase
5310,Retail Purchase
5311,Variety/Groc/Food Stores
5311,Variety/Groc/Food Stores
5311,Variety/Groc/Food Stores
5312,Retail Purchase
5313,Retail Purchase
5314,Retail Purchase
5331,Variety/Groc/Food Stores
5333,Retail Purchase
5335,Retail Purchase
5338,Retail Purchase
5350,Retail Purchase
5399,Retail Purchase
5399,Retail Purchase
5399,Retail Purchase
5399,Retail Purchase
5411,Variety/Groc/Food Stores
5411,Variety/Groc/Food Stores
5411,Variety/Groc/Food Stores
5411,Variety/Groc/Food Stores
5411,Variety/Groc/Food Stores
5411,Variety/Groc/Food Stores
5411,Variety/Groc/Food Stores
5411,Variety/Groc/Food Stores
5411,Variety/Groc/Food Stores
5411,Variety/Groc/Food Stores
5411,Variety/Groc/Food Stores
5411,Variety/Groc/Food Stores
5411,Variety/Groc/Food Stores
5411,Variety/Groc/Food Stores
5411,Variety/Groc/Food Stores
5411,Variety/Groc/Food Stores
5411,Variety/Groc/Food Stores
5411,Variety/Groc/Food Stores
5411,Variety/Groc/Food Stores
5411,Variety/Groc/Food Stores
5411,Variety/Groc/Food Stores
5411,Variety/Groc/Food Stores
5411,Variety/Groc/Food Stores
5411,Variety/Groc/Food Stores
5411,Variety/Groc/Food Stores
5411,Variety/Groc/Food Stores
5411,Variety/Groc/Food Stores
5411,Variety/Groc/Food Stores
5422,Retail Purchase
5441,Retail Purchase
5451,Retail Purchase
5462,Retail Purchase
5499,Variety/Groc/Food Stores
5499,Variety/Groc/Food Stores
5499,Variety/Groc/Food Stores
5499,Variety/Groc/Food Stores
5499,Variety/Groc/Food Stores
5499,Variety/Groc/Food Stores
5511,Retail Purchase
5521,Retail Purchase
5531,Retail Purchase
5532,Retail Purchase
5533,Retail Purchase
5533,Retail Purchase
5541,Retail Purchase
5541,Retail Purchase
5541,Retail Purchase
5541,Retail Purchase
5541,Retail Purchase
5542,Retail Purchase
5543,Retail Purchase
5544,Retail Purchase
5551,Retail Purchase
5561,Retail Purchase
5571,Retail Purchase
5592,Retail Purchase
5598,Retail Purchase
5599,Retail Purchase
5611,Retail Purchase
5621,Retail Purchase
5621,Retail Purchase
5631,Retail Purchase
5641,Retail Purchase
5641,Retail Purchase
5641,Retail Purchase
5641,Retail Purchase
5651,Retail Purchase
5651,Retail Purchase
5651,Retail Purchase
5651,Retail Purchase
5651,Retail Purchase
5651,Retail Purchase
5651,Retail Purchase
5655,Retail Purchase
5661,Retail Purchase
5662,Retail Purchase
5663,Retail Purchase
5681,Retail Purchase
5691,Retail Purchase
5691,Retail Purchase
5691,Retail Purchase
5691,Retail Purchase
5691,Retail Purchase
5691,Retail Purchase
5691,Retail Purchase
5691,Retail Purchase
5691,Retail Purchase
5691,Retail Purchase
5691,Retail Purchase
5691,Retail Purchase
5691,Retail Purchase
5691,Retail Purchase
5691,Retail Purchase
5691,Retail Purchase
5697,Retail Purchase
5698,Retail Purchase
5699,Retail Purchase
5712,Retail Purchase
5713,Retail Purchase
5714,Retail Purchase
5718,Retail Purchase
5719,Retail Purchase
5722,Retail Purchase
5722,Retail Purchase
5722,Retail Purchase
5722,Retail Purchase
5722,Retail Purchase
5722,Retail Purchase
5722,Retail Purchase
5732,Retail Purchase
5732,Retail Purchase
5732,Retail Purchase
5733,Retail Purchase
5734,Retail Purchase
5734,Retail Purchase
5734,Retail Purchase
5734,Retail Purchase
5735,Retail Purchase
5811,Retail Purchase
5812,Restaurant
5812,Restaurant
5812,Restaurant
5812,Restaurant
5812,Restaurant
5812,Restaurant
5812,Restaurant
5812,Restaurant
5812,Restaurant
5812,Restaurant
5812,Restaurant
5812,Restaurant
5812,Restaurant
5812,Restaurant
5812,Restaurant
5812,Restaurant
5813,Restaurant
5813,Restaurant
5814,Restaurant
5814,Restaurant
5814,Restaurant
5814,Restaurant
5814,Restaurant
5814,Restaurant
5814,Restaurant
5814,Restaurant
5911,Retail Purchase
5912,Retail Purchase
5912,Retail Purchase
5912,Retail Purchase
5912,Retail Purchase
5912,Retail Purchase
5912,Retail Purchase
5912,Retail Purchase
5912,Retail Purchase
5912,Retail Purchase
5912,Retail Purchase
5912,Retail Purchase
5912,Retail Purchase
5913,Retail Purchase
5921,Retail Purchase
5921,Retail Purchase
5921,Retail Purchase
5921,Retail Purchase
5931,Retail Purchase
5932,Retail Purchase
5933,Retail Purchase
5935,Retail Purchase
5936,Retail Purchase
5937,Retail Purchase
5939,Retail Purchase
5940,Retail Purchase
5941,Retail Purchase
5941,Retail Purchase
5941,Retail Purchase
5942,Retail Purchase
5942,Retail Purchase
5942,Retail Purchase
5942,Retail Purchase
5943,Retail Purchase
5944,Jewelry
5945,Retail Purchase
5945,Retail Purchase
5946,Retail Purchase
5947,Retail Purchase
5948,Retail Purchase
5949,Retail Purchase
5950,Retail Purchase
5951,Retail Purchase
5952,Retail Purchase
5953,Retail Purchase
5955,Retail Purchase
5956,Retail Purchase
5957,Retail Purchase
5958,Retail Purchase
5959,Retail Purchase
5960,Mail/Telephone/Preauth order
5961,Retail Purchase
5962,Mail/Telephone/Preauth order
5963,Retail Purchase
5964,Mail/Telephone/Preauth order
5965,Mail/Telephone/Preauth order
5966,Mail/Telephone/Preauth order
5967,Mail/Telephone/Preauth order
5968,Mail/Telephone/Preauth order
5969,Mail/Telephone/Preauth order
5970,Retail Purchase
5971,Retail Purchase
5972,Retail Purchase
5973,Retail Purchase
5975,Retail Purchase
5976,Retail Purchase
5977,Retail Purchase
5977,Retail Purchase
5977,Retail Purchase
5977,Retail Purchase
5977,Retail Purchase
5978,Retail Purchase
5983,Retail Purchase
5983,Retail Purchase
5983,Retail Purchase
5983,Retail Purchase
5983,Retail Purchase
5983,Retail Purchase
5983,Retail Purchase
5991,Retail Purchase
5992,Retail Purchase
5993,Retail Purchase
5994,Retail Purchase
5995,Retail Purchase
5996,Retail Purchase
5997,Retail Purchase
5998,Retail Purchase
5999,Retail Purchase
5999,Retail Purchase
5999,Retail Purchase
6010,  Cash
6011,Financial Institutions
6012,Retail Purchase
6022,Retail Purchase
6023,Retail Purchase
6025,Retail Purchase
6026,Retail Purchase
6028,Retail Purchase
6050,Unique
6051,Unique
6051,Unique
6051,Unique
6051,Unique
6051,Unique
6211,Retail Purchase
6300,Retail Purchase
6300,Retail Purchase
6300,Retail Purchase
6310,Retail Purchase
6513,Retail Purchase
6529,Unique
6530,Unique
6531,Retail Purchase
6532,Payment Services
6533,Payment Services
6534,Unique
6535,Retail Purchase
6536,Retail Purchase
6537,Retail Purchase
6538,Retail Purchase
6539,Unique
6540,Retail Purchase
6541,Retail Purchase
6542,Retail Purchase
6543,Retail Purchase
6555,Payment Services
7010,Retail Purchase
7011,Hotel/Motel
7012,Retail Purchase
7013,Retail Purchase
7014,Retail Purchase
7015,Retail Purchase
7032,Retail Purchase
7033,Retail Purchase
7210,Retail Purchase
7211,Retail Purchase
7216,Retail Purchase
7217,Retail Purchase
7221,Retail Purchase
7230,Retail Purchase
7231,Retail Purchase
7232,Retail Purchase
7251,Retail Purchase
7261,Retail Purchase
7273,Retail Purchase
7276,Retail Purchase
7277,Retail Purchase
7278,Retail Purchase
7296,Retail Purchase
7297,Retail Purchase
7298,Retail Purchase
7299,Retail Purchase
7299,Retail Purchase
7311,Retail Purchase
7321,Retail Purchase
7333,Retail Purchase
7338,Retail Purchase
7339,Retail Purchase
7342,Retail Purchase
7349,Retail Purchase
7361,Retail Purchase
7372,Retail Purchase
7375,Retail Purchase
7379,Retail Purchase
7392,Retail Purchase
7393,Retail Purchase
7394,Retail Purchase
7395,Retail Purchase
7399,Retail Purchase
7511,Unique
7512,Vehicle Rental
7513,Vehicle Rental
7519,Vehicle Rental
7523,Retail Purchase
7531,Retail Purchase
7534,Retail Purchase
7535,Retail Purchase
7538,Retail Purchase
7539,Retail Purchase
7542,Retail Purchase
7549,Retail Purchase
7622,Retail Purchase
7623,Retail Purchase
7629,Retail Purchase
7631,Retail Purchase
7641,Retail Purchase
7692,Retail Purchase
7699,Retail Purchase
7829,Retail Purchase
7832,Retail Purchase
7841,Retail Purchase
7911,Retail Purchase
7922,Retail Purchase
7929,Retail Purchase
7932,Retail Purchase
7933,Retail Purchase
7941,Retail Purchase
7987,Retail Purchase
7988,Retail Purchase
7989,Retail Purchase
7990,Retail Purchase
7991,Retail Purchase
7992,Retail Purchase
7993,Retail Purchase
7994,Retail Purchase
7995,Unique
7996,Retail Purchase
7997,Retail Purchase
7998,Retail Purchase
7999,Retail Purchase
8011,Retail Purchase
8021,Retail Purchase
8031,Retail Purchase
8041,Retail Purchase
8042,Retail Purchase
8043,Retail Purchase
8044,Retail Purchase
8049,Retail Purchase
8050,Retail Purchase
8062,Retail Purchase
8071,Retail Purchase
8099,Retail Purchase
8111,Retail Purchase
8211,Retail Purchase
8220,Retail Purchase
8241,Retail Purchase
8244,Retail Purchase
8249,Retail Purchase
8299,Retail Purchase
8351,Retail Purchase
8398,Retail Purchase
8411,Retail Purchase
8412,Retail Purchase
8641,Retail Purchase
8651,Retail Purchase
8661,Retail Purchase
8675,Retail Purchase
8699,Retail Purchase
8734,Retail Purchase
8911,Retail Purchase
8931,Retail Purchase
8999,Retail Purchase
8999,Retail Purchase
8999,Retail Purchase
8999,Retail Purchase
8999,Retail Purchase
8999,Retail Purchase
8999,Retail Purchase
8999,Retail Purchase
8999,Retail Purchase
8999,Retail Purchase
9211,Retail Purchase
9222,Retail Purchase
9223,Retail Purchase
9311,Retail Purchase
9399,Retail Purchase
9401,Retail Purchase
9402,Retail Purchase
9405,Retail Purchase
9702,Retail Purchase
9751,Retail Purchase
9752,Retail Purchase
9753,Retail Purchase
9754,Unique
9950,Retail Purchase
